,BIO1,BIO2,BIO3,BIO5,BIO6,BIO8,BIO9,BIO10,BIO11,BIO13,BIO14,BIO15,BIO17,BIO19,tmean,tmax,tmin,humid
과중,0.7421130476295165,,,0.6273728374102688,,,,,,,,,,,0.7534354803043944,0.8745664885804758,0.7080036376173738,0.6350372155872822
종경,0.8631428797698398,,-0.7412541892820357,0.8412396615281849,,,,0.7486320649656392,,,,,,,0.872485327146151,0.8852597984057317,0.8615016770481814,0.7088285567065299
횡경,,,,,,,,,,,,,,,,0.7974297569761586,,
L,0.97241398980119,-0.8184221193648886,-0.8170999386493731,0.9837082824458062,0.790919014111843,0.6792389093212852,,0.8850971728780834,0.6760404429726292,,,,,,0.9664800401777526,0.8384589079961265,0.972752309679913,0.7409764379512558
a,-0.6924379520688634,0.8814236565555086,0.6709348620484971,-0.7208813437095866,-0.8113974671545455,,-0.8632633845692618,,-0.9256628240068978,-0.6712526459627568,,,-0.8278778342308831,-0.8108917914085425,-0.6694835416742415,,-0.7595034382310685,-0.7151960784050154
b,0.9298140190015834,-0.8691984070668541,-0.9068319094879728,0.9850319790058761,0.7430998093153276,0.6895352983813509,,0.8304772387229392,0.6993625408124717,,,,,,0.9221648138115087,0.771819758321615,0.9660315212442304,0.8046682935068127
경도,0.9515604715023729,-0.7378419326159465,-0.7353677979727823,0.9493058169948283,0.768686537267345,0.739872083242351,,0.9160383254462439,0.6083462824407789,,,,0.6058385746677992,0.602986108729765,0.9461480669562183,0.8365606306987052,0.9233668281602527,0.6366848810546596
당도,,,,,,0.7798589812272895,,,,,-0.7218853559165191,0.7036585607062775,,,,,,
산도,,,,,,,,,,,,,,,,,,-0.6260262250126776
