region,year,BIO1,BIO2,BIO3,BIO4,BIO5,BIO6,BIO7,BIO8,BIO9,BIO10,BIO11,BIO12,BIO13,BIO14,BIO15,BIO16,BIO17,BIO18,BIO19
군위,2019,12.214881592421916,13.175947260624682,32.90802167814725,938.6272670631049,31.448387096774194,-8.59032258064516,40.038709677419355,20.064982078853046,1.4915412186379928,23.6521146953405,-0.36409370199692787,1002.0,175.5,5.0,74.40506301190824,487.0,45.5,401.5,52.5
군위,2020,12.164228463725125,12.79240606847114,31.926945343588116,915.2786071773462,31.98709677419355,-8.080645161290322,40.06774193548387,24.061290322580646,5.440107526881721,24.061290322580646,0.3751575824990731,1477.5,448.5,1.0,116.2676217903544,1026.0,52.5,1026.0,115.0
군위,2021,12.253575268817203,12.872061571940606,30.725641697130506,935.2089469452629,32.22258064516129,-9.670967741935485,41.89354838709677,23.464408602150538,-0.3661290322580646,23.977741935483873,-0.3661290322580646,1152.5,227.5,0.5,78.9961890850496,627.0,24.5,518.5,24.5
군위,2022,11.999345238095238,13.679468125960064,33.306904798494884,1025.7271272034593,31.51290322580645,-9.558064516129033,41.07096774193548,24.626738351254478,-2.451766513056836,24.626738351254478,-2.451766513056836,718.5,202.5,0.0,101.71286249578777,458.5,3.0,458.5,3.0
군위,2023,12.753599722796054,13.232730635450324,31.576833938047205,982.818398075214,32.36451612903225,-9.541935483870969,41.906451612903226,24.702780867630697,2.217281105990783,24.87856630824373,-0.5268049155145931,1739.5,485.5,2.5,110.26865400299954,1153.5,61.0,1136.0,120.5
군위,2024,13.715426708688666,12.244178717093066,30.107840106333917,988.2603549380289,34.50967741935484,-6.158064516129032,40.66774193548387,26.231648745519717,2.479641577060932,26.231648745519717,0.7877641824249165,1068.5,358.0,1.0,101.83319207320616,575.0,56.5,575.0,91.5
